model,task,episode,seed,stable_success,termination,physics_steps,training_split,ik_failed_arm_targets
OpenWAM 11000,26_canned_food_tray_line_arrangement,1,102600000,True,stable_success,1985,train,0
OpenWAM 11000,26_canned_food_tray_line_arrangement,2,102600001,True,stable_success,1988,train,0
OpenWAM 11000,26_canned_food_tray_line_arrangement,3,102600002,False,max_steps,2613,train,0
OpenWAM 11000,26_canned_food_tray_line_arrangement,4,102600003,False,max_steps,2613,train,0
OpenWAM 11000,26_canned_food_tray_line_arrangement,5,102600004,True,stable_success,1759,val,0
OpenWAM 11000,26_canned_food_tray_line_arrangement,6,102600005,True,stable_success,1920,train,0
OpenWAM 11000,26_canned_food_tray_line_arrangement,7,102600006,True,stable_success,1924,train,0
OpenWAM 11000,26_canned_food_tray_line_arrangement,8,102600007,False,max_steps,2613,train,0
OpenWAM 11000,26_canned_food_tray_line_arrangement,9,102600008,True,stable_success,1834,train,0
OpenWAM 11000,26_canned_food_tray_line_arrangement,10,102600009,False,max_steps,2613,train,0
OpenWAM 11000,26_canned_food_tray_line_arrangement,11,102600010,False,max_steps,2613,train,0
OpenWAM 11000,26_canned_food_tray_line_arrangement,12,102600011,True,stable_success,1849,train,0
OpenWAM 11000,26_canned_food_tray_line_arrangement,13,102600012,True,stable_success,1929,train,0
OpenWAM 11000,26_canned_food_tray_line_arrangement,14,102600013,True,stable_success,1794,train,0
OpenWAM 11000,26_canned_food_tray_line_arrangement,15,102600014,True,stable_success,1808,train,0
OpenWAM 11000,26_canned_food_tray_line_arrangement,16,102600015,True,stable_success,1892,train,0
OpenWAM 11000,26_canned_food_tray_line_arrangement,17,102600016,True,stable_success,1937,train,0
OpenWAM 11000,26_canned_food_tray_line_arrangement,18,102600017,True,stable_success,1763,train,0
OpenWAM 11000,26_canned_food_tray_line_arrangement,19,102600018,False,max_steps,2613,train,0
OpenWAM 11000,26_canned_food_tray_line_arrangement,20,102600019,True,stable_success,1989,train,0
OpenWAM 11000,26_canned_food_tray_line_arrangement,21,102600020,False,max_steps,2613,train,0
OpenWAM 11000,26_canned_food_tray_line_arrangement,22,102600021,False,max_steps,2613,val,0
OpenWAM 11000,26_canned_food_tray_line_arrangement,23,102600022,False,max_steps,2613,train,0
OpenWAM 11000,26_canned_food_tray_line_arrangement,24,102600023,True,stable_success,1830,train,0
OpenWAM 11000,26_canned_food_tray_line_arrangement,25,102600024,False,max_steps,2613,train,0
OpenWAM 11000,26_canned_food_tray_line_arrangement,26,102600025,False,max_steps,2613,train,0
OpenWAM 11000,26_canned_food_tray_line_arrangement,27,102600026,False,max_steps,2613,train,0
OpenWAM 11000,26_canned_food_tray_line_arrangement,28,102600027,False,max_steps,2613,train,0
OpenWAM 11000,26_canned_food_tray_line_arrangement,29,102600028,True,stable_success,1740,train,0
OpenWAM 11000,26_canned_food_tray_line_arrangement,30,102600029,True,stable_success,1955,train,0
OpenWAM 11000,26_canned_food_tray_line_arrangement,31,102600030,True,stable_success,1869,train,0
OpenWAM 11000,26_canned_food_tray_line_arrangement,32,102600031,True,stable_success,1840,val,0
OpenWAM 11000,26_canned_food_tray_line_arrangement,33,102600032,True,stable_success,1839,train,0
OpenWAM 11000,26_canned_food_tray_line_arrangement,34,102600033,False,max_steps,2613,train,0
OpenWAM 11000,26_canned_food_tray_line_arrangement,35,102600034,False,max_steps,2613,train,0
OpenWAM 11000,26_canned_food_tray_line_arrangement,36,102600035,True,stable_success,1676,train,0
OpenWAM 11000,26_canned_food_tray_line_arrangement,37,102600036,True,stable_success,2012,val,0
OpenWAM 11000,26_canned_food_tray_line_arrangement,38,102600037,False,max_steps,2613,train,0
OpenWAM 11000,26_canned_food_tray_line_arrangement,39,102600038,True,stable_success,1932,train,0
OpenWAM 11000,26_canned_food_tray_line_arrangement,40,102600039,False,max_steps,2613,train,0
OpenWAM 11000,26_canned_food_tray_line_arrangement,41,102600040,False,max_steps,2613,train,0
OpenWAM 11000,26_canned_food_tray_line_arrangement,42,102600041,False,max_steps,2613,train,0
OpenWAM 11000,26_canned_food_tray_line_arrangement,43,102600042,True,stable_success,1764,train,0
OpenWAM 11000,26_canned_food_tray_line_arrangement,44,102600043,True,stable_success,1839,train,0
OpenWAM 11000,26_canned_food_tray_line_arrangement,45,102600044,False,max_steps,2613,train,0
OpenWAM 11000,26_canned_food_tray_line_arrangement,46,102600045,False,max_steps,2613,train,0
OpenWAM 11000,26_canned_food_tray_line_arrangement,47,102600046,False,max_steps,2613,train,0
OpenWAM 11000,26_canned_food_tray_line_arrangement,48,102600047,False,max_steps,2613,train,0
OpenWAM 11000,26_canned_food_tray_line_arrangement,49,102600048,True,stable_success,1711,train,0
OpenWAM 11000,26_canned_food_tray_line_arrangement,50,102600049,False,max_steps,2613,val,0
OpenWAM 11000,32_baking_tray_prep_with_tools,1,103200000,False,max_steps,2556,train,0
OpenWAM 11000,32_baking_tray_prep_with_tools,2,103200001,True,stable_success,1808,val,0
OpenWAM 11000,32_baking_tray_prep_with_tools,3,103200002,False,max_steps,2556,train,0
OpenWAM 11000,32_baking_tray_prep_with_tools,4,103200003,True,stable_success,1971,train,0
OpenWAM 11000,32_baking_tray_prep_with_tools,5,103200004,False,max_steps,2556,not_used_for_training,0
OpenWAM 11000,32_baking_tray_prep_with_tools,6,103200005,True,stable_success,1790,not_used_for_training,0
OpenWAM 11000,32_baking_tray_prep_with_tools,7,103200006,False,max_steps,2556,not_used_for_training,0
OpenWAM 11000,32_baking_tray_prep_with_tools,8,103200007,False,max_steps,2556,train,70
OpenWAM 11000,32_baking_tray_prep_with_tools,9,103200008,False,max_steps,2556,not_used_for_training,0
OpenWAM 11000,32_baking_tray_prep_with_tools,10,103200009,True,stable_success,1820,not_used_for_training,0
OpenWAM 11000,32_baking_tray_prep_with_tools,11,103200010,False,max_steps,2556,not_used_for_training,0
OpenWAM 11000,32_baking_tray_prep_with_tools,12,103200011,False,max_steps,2556,not_used_for_training,0
OpenWAM 11000,32_baking_tray_prep_with_tools,13,103200012,False,max_steps,2556,not_used_for_training,0
OpenWAM 11000,32_baking_tray_prep_with_tools,14,103200013,False,max_steps,2556,not_used_for_training,0
OpenWAM 11000,32_baking_tray_prep_with_tools,15,103200014,True,stable_success,2203,not_used_for_training,0
OpenWAM 11000,32_baking_tray_prep_with_tools,16,103200015,False,max_steps,2556,not_used_for_training,0
OpenWAM 11000,32_baking_tray_prep_with_tools,17,103200016,True,stable_success,1882,train,0
OpenWAM 11000,32_baking_tray_prep_with_tools,18,103200017,False,max_steps,2556,not_used_for_training,0
OpenWAM 11000,32_baking_tray_prep_with_tools,19,103200018,False,max_steps,2556,train,0
OpenWAM 11000,32_baking_tray_prep_with_tools,20,103200019,True,stable_success,2127,not_used_for_training,0
OpenWAM 11000,32_baking_tray_prep_with_tools,21,103200020,True,stable_success,1983,train,0
OpenWAM 11000,32_baking_tray_prep_with_tools,22,103200021,False,max_steps,2556,train,0
OpenWAM 11000,32_baking_tray_prep_with_tools,23,103200022,True,stable_success,1773,not_used_for_training,0
OpenWAM 11000,32_baking_tray_prep_with_tools,24,103200023,True,stable_success,1773,not_used_for_training,0
OpenWAM 11000,32_baking_tray_prep_with_tools,25,103200024,True,stable_success,1687,train,0
OpenWAM 11000,32_baking_tray_prep_with_tools,26,103200025,False,max_steps,2556,not_used_for_training,0
OpenWAM 11000,32_baking_tray_prep_with_tools,27,103200026,False,max_steps,2556,not_used_for_training,0
OpenWAM 11000,32_baking_tray_prep_with_tools,28,103200027,True,stable_success,1820,not_used_for_training,0
OpenWAM 11000,32_baking_tray_prep_with_tools,29,103200028,True,stable_success,2384,not_used_for_training,0
OpenWAM 11000,32_baking_tray_prep_with_tools,30,103200029,True,stable_success,1748,train,0
OpenWAM 11000,32_baking_tray_prep_with_tools,31,103200030,False,max_steps,2556,not_used_for_training,0
OpenWAM 11000,32_baking_tray_prep_with_tools,32,103200031,True,stable_success,1790,not_used_for_training,0
OpenWAM 11000,32_baking_tray_prep_with_tools,33,103200032,False,max_steps,2556,not_used_for_training,7
OpenWAM 11000,32_baking_tray_prep_with_tools,34,103200033,False,max_steps,2556,not_used_for_training,0
OpenWAM 11000,32_baking_tray_prep_with_tools,35,103200034,True,stable_success,1765,not_used_for_training,0
OpenWAM 11000,32_baking_tray_prep_with_tools,36,103200035,False,max_steps,2556,train,0
OpenWAM 11000,32_baking_tray_prep_with_tools,37,103200036,True,stable_success,1759,not_used_for_training,0
OpenWAM 11000,32_baking_tray_prep_with_tools,38,103200037,True,stable_success,1721,not_used_for_training,0
OpenWAM 11000,32_baking_tray_prep_with_tools,39,103200038,False,max_steps,2556,not_used_for_training,0
OpenWAM 11000,32_baking_tray_prep_with_tools,40,103200039,False,max_steps,2556,not_used_for_training,0
OpenWAM 11000,32_baking_tray_prep_with_tools,41,103200040,False,max_steps,2556,val,0
OpenWAM 11000,32_baking_tray_prep_with_tools,42,103200041,False,max_steps,2556,not_used_for_training,0
OpenWAM 11000,32_baking_tray_prep_with_tools,43,103200042,False,max_steps,2556,not_used_for_training,0
OpenWAM 11000,32_baking_tray_prep_with_tools,44,103200043,False,max_steps,2556,train,0
OpenWAM 11000,32_baking_tray_prep_with_tools,45,103200044,False,max_steps,2556,train,0
OpenWAM 11000,32_baking_tray_prep_with_tools,46,103200045,True,stable_success,1814,not_used_for_training,0
OpenWAM 11000,32_baking_tray_prep_with_tools,47,103200046,False,max_steps,2556,train,0
OpenWAM 11000,32_baking_tray_prep_with_tools,48,103200047,False,max_steps,2556,not_used_for_training,0
OpenWAM 11000,32_baking_tray_prep_with_tools,49,103200048,False,max_steps,2556,not_used_for_training,0
OpenWAM 11000,32_baking_tray_prep_with_tools,50,103200049,True,stable_success,1894,not_used_for_training,0
OpenWAM 11000,73_jigsaw_puzzle_assembly,1,107300000,False,max_steps,3639,train,0
OpenWAM 11000,73_jigsaw_puzzle_assembly,2,107300001,False,max_steps,3639,train,0
OpenWAM 11000,73_jigsaw_puzzle_assembly,3,107300002,True,stable_success,2473,train,0
OpenWAM 11000,73_jigsaw_puzzle_assembly,4,107300003,False,max_steps,3639,val,0
OpenWAM 11000,73_jigsaw_puzzle_assembly,5,107300004,False,max_steps,3639,not_used_for_training,0
OpenWAM 11000,73_jigsaw_puzzle_assembly,6,107300005,False,max_steps,3639,train,0
OpenWAM 11000,73_jigsaw_puzzle_assembly,7,107300006,False,max_steps,3639,train,0
OpenWAM 11000,73_jigsaw_puzzle_assembly,8,107300007,False,max_steps,3639,train,0
OpenWAM 11000,73_jigsaw_puzzle_assembly,9,107300008,False,max_steps,3639,train,0
OpenWAM 11000,73_jigsaw_puzzle_assembly,10,107300009,False,max_steps,3639,train,0
OpenWAM 11000,73_jigsaw_puzzle_assembly,11,107300010,False,max_steps,3639,train,0
OpenWAM 11000,73_jigsaw_puzzle_assembly,12,107300011,False,max_steps,3639,train,0
OpenWAM 11000,73_jigsaw_puzzle_assembly,13,107300012,True,stable_success,2625,train,0
OpenWAM 11000,73_jigsaw_puzzle_assembly,14,107300013,False,max_steps,3639,not_used_for_training,0
OpenWAM 11000,73_jigsaw_puzzle_assembly,15,107300014,False,max_steps,3639,not_used_for_training,0
OpenWAM 11000,73_jigsaw_puzzle_assembly,16,107300015,False,max_steps,3639,train,0
OpenWAM 11000,73_jigsaw_puzzle_assembly,17,107300016,False,max_steps,3639,train,0
OpenWAM 11000,73_jigsaw_puzzle_assembly,18,107300017,False,max_steps,3639,not_used_for_training,0
OpenWAM 11000,73_jigsaw_puzzle_assembly,19,107300018,False,max_steps,3639,train,0
OpenWAM 11000,73_jigsaw_puzzle_assembly,20,107300019,False,max_steps,3639,train,0
OpenWAM 11000,73_jigsaw_puzzle_assembly,21,107300020,False,max_steps,3639,train,0
OpenWAM 11000,73_jigsaw_puzzle_assembly,22,107300021,False,max_steps,3639,train,0
OpenWAM 11000,73_jigsaw_puzzle_assembly,23,107300022,False,max_steps,3639,val,0
OpenWAM 11000,73_jigsaw_puzzle_assembly,24,107300023,False,max_steps,3639,train,0
OpenWAM 11000,73_jigsaw_puzzle_assembly,25,107300024,False,max_steps,3639,not_used_for_training,0
OpenWAM 11000,73_jigsaw_puzzle_assembly,26,107300025,False,max_steps,3639,train,0
OpenWAM 11000,73_jigsaw_puzzle_assembly,27,107300026,False,max_steps,3639,not_used_for_training,0
OpenWAM 11000,73_jigsaw_puzzle_assembly,28,107300027,False,max_steps,3639,not_used_for_training,0
OpenWAM 11000,73_jigsaw_puzzle_assembly,29,107300028,False,max_steps,3639,train,0
OpenWAM 11000,73_jigsaw_puzzle_assembly,30,107300029,False,max_steps,3639,not_used_for_training,0
OpenWAM 11000,73_jigsaw_puzzle_assembly,31,107300030,False,max_steps,3639,train,0
OpenWAM 11000,73_jigsaw_puzzle_assembly,32,107300031,False,max_steps,3639,train,0
OpenWAM 11000,73_jigsaw_puzzle_assembly,33,107300032,False,max_steps,3639,train,0
OpenWAM 11000,73_jigsaw_puzzle_assembly,34,107300033,False,max_steps,3639,train,0
OpenWAM 11000,73_jigsaw_puzzle_assembly,35,107300034,False,max_steps,3639,val,0
OpenWAM 11000,73_jigsaw_puzzle_assembly,36,107300035,False,max_steps,3639,train,0
OpenWAM 11000,73_jigsaw_puzzle_assembly,37,107300036,False,max_steps,3639,train,0
OpenWAM 11000,73_jigsaw_puzzle_assembly,38,107300037,False,max_steps,3639,train,0
OpenWAM 11000,73_jigsaw_puzzle_assembly,39,107300038,False,max_steps,3639,val,0
OpenWAM 11000,73_jigsaw_puzzle_assembly,40,107300039,False,max_steps,3639,train,0
OpenWAM 11000,73_jigsaw_puzzle_assembly,41,107300040,False,max_steps,3639,train,0
OpenWAM 11000,73_jigsaw_puzzle_assembly,42,107300041,False,max_steps,3639,train,0
OpenWAM 11000,73_jigsaw_puzzle_assembly,43,107300042,False,max_steps,3639,train,0
OpenWAM 11000,73_jigsaw_puzzle_assembly,44,107300043,False,max_steps,3639,train,0
OpenWAM 11000,73_jigsaw_puzzle_assembly,45,107300044,False,max_steps,3639,train,0
OpenWAM 11000,73_jigsaw_puzzle_assembly,46,107300045,False,max_steps,3639,train,0
OpenWAM 11000,73_jigsaw_puzzle_assembly,47,107300046,False,max_steps,3639,train,0
OpenWAM 11000,73_jigsaw_puzzle_assembly,48,107300047,False,max_steps,3639,train,0
OpenWAM 11000,73_jigsaw_puzzle_assembly,49,107300048,False,max_steps,3639,train,0
OpenWAM 11000,73_jigsaw_puzzle_assembly,50,107300049,False,max_steps,3639,train,0
TouchWAM 11000,26_canned_food_tray_line_arrangement,1,102600000,True,stable_success,2038,train,0
TouchWAM 11000,26_canned_food_tray_line_arrangement,2,102600001,True,stable_success,1972,train,0
TouchWAM 11000,26_canned_food_tray_line_arrangement,3,102600002,False,max_steps,2613,train,0
TouchWAM 11000,26_canned_food_tray_line_arrangement,4,102600003,False,max_steps,2613,train,0
TouchWAM 11000,26_canned_food_tray_line_arrangement,5,102600004,False,max_steps,2613,val,0
TouchWAM 11000,26_canned_food_tray_line_arrangement,6,102600005,False,max_steps,2613,train,0
TouchWAM 11000,26_canned_food_tray_line_arrangement,7,102600006,True,stable_success,1878,train,0
TouchWAM 11000,26_canned_food_tray_line_arrangement,8,102600007,True,stable_success,1738,train,0
TouchWAM 11000,26_canned_food_tray_line_arrangement,9,102600008,True,stable_success,1825,train,0
TouchWAM 11000,26_canned_food_tray_line_arrangement,10,102600009,False,max_steps,2613,train,0
TouchWAM 11000,26_canned_food_tray_line_arrangement,11,102600010,False,max_steps,2613,train,0
TouchWAM 11000,26_canned_food_tray_line_arrangement,12,102600011,True,stable_success,1855,train,0
TouchWAM 11000,26_canned_food_tray_line_arrangement,13,102600012,False,max_steps,2613,train,0
TouchWAM 11000,26_canned_food_tray_line_arrangement,14,102600013,True,stable_success,1764,train,0
TouchWAM 11000,26_canned_food_tray_line_arrangement,15,102600014,False,max_steps,2613,train,0
TouchWAM 11000,26_canned_food_tray_line_arrangement,16,102600015,True,stable_success,1882,train,0
TouchWAM 11000,26_canned_food_tray_line_arrangement,17,102600016,True,stable_success,1928,train,0
TouchWAM 11000,26_canned_food_tray_line_arrangement,18,102600017,True,stable_success,1765,train,0
TouchWAM 11000,26_canned_food_tray_line_arrangement,19,102600018,True,stable_success,1768,train,0
TouchWAM 11000,26_canned_food_tray_line_arrangement,20,102600019,True,stable_success,1977,train,0
TouchWAM 11000,26_canned_food_tray_line_arrangement,21,102600020,False,max_steps,2613,train,0
TouchWAM 11000,26_canned_food_tray_line_arrangement,22,102600021,False,max_steps,2613,val,0
TouchWAM 11000,26_canned_food_tray_line_arrangement,23,102600022,True,stable_success,1845,train,0
TouchWAM 11000,26_canned_food_tray_line_arrangement,24,102600023,True,stable_success,1769,train,0
TouchWAM 11000,26_canned_food_tray_line_arrangement,25,102600024,False,max_steps,2613,train,0
TouchWAM 11000,26_canned_food_tray_line_arrangement,26,102600025,False,max_steps,2613,train,0
TouchWAM 11000,26_canned_food_tray_line_arrangement,27,102600026,False,max_steps,2613,train,0
TouchWAM 11000,26_canned_food_tray_line_arrangement,28,102600027,False,max_steps,2613,train,0
TouchWAM 11000,26_canned_food_tray_line_arrangement,29,102600028,False,max_steps,2613,train,0
TouchWAM 11000,26_canned_food_tray_line_arrangement,30,102600029,True,stable_success,1879,train,0
TouchWAM 11000,26_canned_food_tray_line_arrangement,31,102600030,False,max_steps,2613,train,0
TouchWAM 11000,26_canned_food_tray_line_arrangement,32,102600031,True,stable_success,1834,val,0
TouchWAM 11000,26_canned_food_tray_line_arrangement,33,102600032,True,stable_success,1857,train,0
TouchWAM 11000,26_canned_food_tray_line_arrangement,34,102600033,False,max_steps,2613,train,0
TouchWAM 11000,26_canned_food_tray_line_arrangement,35,102600034,False,max_steps,2613,train,0
TouchWAM 11000,26_canned_food_tray_line_arrangement,36,102600035,True,stable_success,1669,train,0
TouchWAM 11000,26_canned_food_tray_line_arrangement,37,102600036,True,stable_success,2019,val,0
TouchWAM 11000,26_canned_food_tray_line_arrangement,38,102600037,True,stable_success,1823,train,0
TouchWAM 11000,26_canned_food_tray_line_arrangement,39,102600038,True,stable_success,1896,train,0
TouchWAM 11000,26_canned_food_tray_line_arrangement,40,102600039,True,stable_success,1788,train,0
TouchWAM 11000,26_canned_food_tray_line_arrangement,41,102600040,False,max_steps,2613,train,0
TouchWAM 11000,26_canned_food_tray_line_arrangement,42,102600041,False,max_steps,2613,train,0
TouchWAM 11000,26_canned_food_tray_line_arrangement,43,102600042,True,stable_success,1747,train,0
TouchWAM 11000,26_canned_food_tray_line_arrangement,44,102600043,True,stable_success,1856,train,0
TouchWAM 11000,26_canned_food_tray_line_arrangement,45,102600044,False,max_steps,2613,train,0
TouchWAM 11000,26_canned_food_tray_line_arrangement,46,102600045,False,max_steps,2613,train,0
TouchWAM 11000,26_canned_food_tray_line_arrangement,47,102600046,False,max_steps,2613,train,0
TouchWAM 11000,26_canned_food_tray_line_arrangement,48,102600047,False,max_steps,2613,train,0
TouchWAM 11000,26_canned_food_tray_line_arrangement,49,102600048,False,max_steps,2613,train,0
TouchWAM 11000,26_canned_food_tray_line_arrangement,50,102600049,False,max_steps,2613,val,0
TouchWAM 11000,32_baking_tray_prep_with_tools,1,103200000,False,max_steps,2556,train,0
TouchWAM 11000,32_baking_tray_prep_with_tools,2,103200001,True,stable_success,1846,val,0
TouchWAM 11000,32_baking_tray_prep_with_tools,3,103200002,False,max_steps,2556,train,0
TouchWAM 11000,32_baking_tray_prep_with_tools,4,103200003,True,stable_success,1967,train,2
TouchWAM 11000,32_baking_tray_prep_with_tools,5,103200004,False,max_steps,2556,not_used_for_training,0
TouchWAM 11000,32_baking_tray_prep_with_tools,6,103200005,True,stable_success,1794,not_used_for_training,0
TouchWAM 11000,32_baking_tray_prep_with_tools,7,103200006,True,stable_success,1727,not_used_for_training,0
TouchWAM 11000,32_baking_tray_prep_with_tools,8,103200007,False,max_steps,2556,train,153
TouchWAM 11000,32_baking_tray_prep_with_tools,9,103200008,False,max_steps,2556,not_used_for_training,0
TouchWAM 11000,32_baking_tray_prep_with_tools,10,103200009,False,max_steps,2556,not_used_for_training,0
TouchWAM 11000,32_baking_tray_prep_with_tools,11,103200010,False,max_steps,2556,not_used_for_training,0
TouchWAM 11000,32_baking_tray_prep_with_tools,12,103200011,False,max_steps,2556,not_used_for_training,0
TouchWAM 11000,32_baking_tray_prep_with_tools,13,103200012,False,max_steps,2556,not_used_for_training,0
TouchWAM 11000,32_baking_tray_prep_with_tools,14,103200013,False,max_steps,2556,not_used_for_training,0
TouchWAM 11000,32_baking_tray_prep_with_tools,15,103200014,True,stable_success,2215,not_used_for_training,0
TouchWAM 11000,32_baking_tray_prep_with_tools,16,103200015,False,max_steps,2556,not_used_for_training,0
TouchWAM 11000,32_baking_tray_prep_with_tools,17,103200016,True,stable_success,1890,train,0
TouchWAM 11000,32_baking_tray_prep_with_tools,18,103200017,False,max_steps,2556,not_used_for_training,0
TouchWAM 11000,32_baking_tray_prep_with_tools,19,103200018,False,max_steps,2556,train,0
TouchWAM 11000,32_baking_tray_prep_with_tools,20,103200019,True,stable_success,1681,not_used_for_training,0
TouchWAM 11000,32_baking_tray_prep_with_tools,21,103200020,False,max_steps,2556,train,0
TouchWAM 11000,32_baking_tray_prep_with_tools,22,103200021,True,stable_success,1867,train,0
TouchWAM 11000,32_baking_tray_prep_with_tools,23,103200022,True,stable_success,1759,not_used_for_training,0
TouchWAM 11000,32_baking_tray_prep_with_tools,24,103200023,False,max_steps,2556,not_used_for_training,0
TouchWAM 11000,32_baking_tray_prep_with_tools,25,103200024,True,stable_success,2094,train,0
TouchWAM 11000,32_baking_tray_prep_with_tools,26,103200025,True,stable_success,1850,not_used_for_training,0
TouchWAM 11000,32_baking_tray_prep_with_tools,27,103200026,True,stable_success,1816,not_used_for_training,0
TouchWAM 11000,32_baking_tray_prep_with_tools,28,103200027,False,max_steps,2556,not_used_for_training,74
TouchWAM 11000,32_baking_tray_prep_with_tools,29,103200028,False,max_steps,2556,not_used_for_training,0
TouchWAM 11000,32_baking_tray_prep_with_tools,30,103200029,True,stable_success,1742,train,0
TouchWAM 11000,32_baking_tray_prep_with_tools,31,103200030,False,max_steps,2556,not_used_for_training,0
TouchWAM 11000,32_baking_tray_prep_with_tools,32,103200031,True,stable_success,1781,not_used_for_training,0
TouchWAM 11000,32_baking_tray_prep_with_tools,33,103200032,False,max_steps,2556,not_used_for_training,12
TouchWAM 11000,32_baking_tray_prep_with_tools,34,103200033,False,max_steps,2556,not_used_for_training,0
TouchWAM 11000,32_baking_tray_prep_with_tools,35,103200034,True,stable_success,1765,not_used_for_training,0
TouchWAM 11000,32_baking_tray_prep_with_tools,36,103200035,False,max_steps,2556,train,0
TouchWAM 11000,32_baking_tray_prep_with_tools,37,103200036,False,max_steps,2556,not_used_for_training,0
TouchWAM 11000,32_baking_tray_prep_with_tools,38,103200037,False,max_steps,2556,not_used_for_training,0
TouchWAM 11000,32_baking_tray_prep_with_tools,39,103200038,False,max_steps,2556,not_used_for_training,0
TouchWAM 11000,32_baking_tray_prep_with_tools,40,103200039,False,max_steps,2556,not_used_for_training,0
TouchWAM 11000,32_baking_tray_prep_with_tools,41,103200040,True,stable_success,1845,val,0
TouchWAM 11000,32_baking_tray_prep_with_tools,42,103200041,False,max_steps,2556,not_used_for_training,0
TouchWAM 11000,32_baking_tray_prep_with_tools,43,103200042,False,max_steps,2556,not_used_for_training,0
TouchWAM 11000,32_baking_tray_prep_with_tools,44,103200043,False,max_steps,2556,train,0
TouchWAM 11000,32_baking_tray_prep_with_tools,45,103200044,False,max_steps,2556,train,0
TouchWAM 11000,32_baking_tray_prep_with_tools,46,103200045,True,stable_success,1809,not_used_for_training,0
TouchWAM 11000,32_baking_tray_prep_with_tools,47,103200046,False,max_steps,2556,train,0
TouchWAM 11000,32_baking_tray_prep_with_tools,48,103200047,False,max_steps,2556,not_used_for_training,0
TouchWAM 11000,32_baking_tray_prep_with_tools,49,103200048,False,max_steps,2556,not_used_for_training,0
TouchWAM 11000,32_baking_tray_prep_with_tools,50,103200049,False,max_steps,2556,not_used_for_training,0
TouchWAM 11000,73_jigsaw_puzzle_assembly,1,107300000,False,max_steps,3639,train,0
TouchWAM 11000,73_jigsaw_puzzle_assembly,2,107300001,False,max_steps,3639,train,0
TouchWAM 11000,73_jigsaw_puzzle_assembly,3,107300002,True,stable_success,3538,train,0
TouchWAM 11000,73_jigsaw_puzzle_assembly,4,107300003,False,max_steps,3639,val,0
TouchWAM 11000,73_jigsaw_puzzle_assembly,5,107300004,False,max_steps,3639,not_used_for_training,0
TouchWAM 11000,73_jigsaw_puzzle_assembly,6,107300005,False,max_steps,3639,train,0
TouchWAM 11000,73_jigsaw_puzzle_assembly,7,107300006,False,max_steps,3639,train,0
TouchWAM 11000,73_jigsaw_puzzle_assembly,8,107300007,False,max_steps,3639,train,0
TouchWAM 11000,73_jigsaw_puzzle_assembly,9,107300008,False,max_steps,3639,train,0
TouchWAM 11000,73_jigsaw_puzzle_assembly,10,107300009,False,max_steps,3639,train,0
TouchWAM 11000,73_jigsaw_puzzle_assembly,11,107300010,False,max_steps,3639,train,0
TouchWAM 11000,73_jigsaw_puzzle_assembly,12,107300011,False,max_steps,3639,train,0
TouchWAM 11000,73_jigsaw_puzzle_assembly,13,107300012,True,stable_success,2614,train,0
TouchWAM 11000,73_jigsaw_puzzle_assembly,14,107300013,False,max_steps,3639,not_used_for_training,0
TouchWAM 11000,73_jigsaw_puzzle_assembly,15,107300014,False,max_steps,3639,not_used_for_training,0
TouchWAM 11000,73_jigsaw_puzzle_assembly,16,107300015,False,max_steps,3639,train,0
TouchWAM 11000,73_jigsaw_puzzle_assembly,17,107300016,False,max_steps,3639,train,0
TouchWAM 11000,73_jigsaw_puzzle_assembly,18,107300017,False,max_steps,3639,not_used_for_training,0
TouchWAM 11000,73_jigsaw_puzzle_assembly,19,107300018,False,max_steps,3639,train,0
TouchWAM 11000,73_jigsaw_puzzle_assembly,20,107300019,False,max_steps,3639,train,0
TouchWAM 11000,73_jigsaw_puzzle_assembly,21,107300020,False,max_steps,3639,train,0
TouchWAM 11000,73_jigsaw_puzzle_assembly,22,107300021,False,max_steps,3639,train,0
TouchWAM 11000,73_jigsaw_puzzle_assembly,23,107300022,False,max_steps,3639,val,0
TouchWAM 11000,73_jigsaw_puzzle_assembly,24,107300023,False,max_steps,3639,train,0
TouchWAM 11000,73_jigsaw_puzzle_assembly,25,107300024,False,max_steps,3639,not_used_for_training,0
TouchWAM 11000,73_jigsaw_puzzle_assembly,26,107300025,False,max_steps,3639,train,0
TouchWAM 11000,73_jigsaw_puzzle_assembly,27,107300026,False,max_steps,3639,not_used_for_training,0
TouchWAM 11000,73_jigsaw_puzzle_assembly,28,107300027,False,max_steps,3639,not_used_for_training,0
TouchWAM 11000,73_jigsaw_puzzle_assembly,29,107300028,False,max_steps,3639,train,0
TouchWAM 11000,73_jigsaw_puzzle_assembly,30,107300029,False,max_steps,3639,not_used_for_training,0
TouchWAM 11000,73_jigsaw_puzzle_assembly,31,107300030,False,max_steps,3639,train,0
TouchWAM 11000,73_jigsaw_puzzle_assembly,32,107300031,False,max_steps,3639,train,0
TouchWAM 11000,73_jigsaw_puzzle_assembly,33,107300032,True,stable_success,2479,train,0
TouchWAM 11000,73_jigsaw_puzzle_assembly,34,107300033,False,max_steps,3639,train,0
TouchWAM 11000,73_jigsaw_puzzle_assembly,35,107300034,False,max_steps,3639,val,0
TouchWAM 11000,73_jigsaw_puzzle_assembly,36,107300035,False,max_steps,3639,train,0
TouchWAM 11000,73_jigsaw_puzzle_assembly,37,107300036,False,max_steps,3639,train,0
TouchWAM 11000,73_jigsaw_puzzle_assembly,38,107300037,False,max_steps,3639,train,0
TouchWAM 11000,73_jigsaw_puzzle_assembly,39,107300038,False,max_steps,3639,val,0
TouchWAM 11000,73_jigsaw_puzzle_assembly,40,107300039,False,max_steps,3639,train,0
TouchWAM 11000,73_jigsaw_puzzle_assembly,41,107300040,False,max_steps,3639,train,0
TouchWAM 11000,73_jigsaw_puzzle_assembly,42,107300041,False,max_steps,3639,train,0
TouchWAM 11000,73_jigsaw_puzzle_assembly,43,107300042,False,max_steps,3639,train,0
TouchWAM 11000,73_jigsaw_puzzle_assembly,44,107300043,False,max_steps,3639,train,0
TouchWAM 11000,73_jigsaw_puzzle_assembly,45,107300044,False,max_steps,3639,train,0
TouchWAM 11000,73_jigsaw_puzzle_assembly,46,107300045,False,max_steps,3639,train,0
TouchWAM 11000,73_jigsaw_puzzle_assembly,47,107300046,False,max_steps,3639,train,0
TouchWAM 11000,73_jigsaw_puzzle_assembly,48,107300047,False,max_steps,3639,train,0
TouchWAM 11000,73_jigsaw_puzzle_assembly,49,107300048,False,max_steps,3639,train,0
TouchWAM 11000,73_jigsaw_puzzle_assembly,50,107300049,False,max_steps,3639,train,0
TouchWAM 18000,26_canned_food_tray_line_arrangement,1,102600000,True,stable_success,2083,train,0
TouchWAM 18000,26_canned_food_tray_line_arrangement,2,102600001,False,max_steps,2613,train,0
TouchWAM 18000,26_canned_food_tray_line_arrangement,3,102600002,False,max_steps,2613,train,0
TouchWAM 18000,26_canned_food_tray_line_arrangement,4,102600003,False,max_steps,2613,train,0
TouchWAM 18000,26_canned_food_tray_line_arrangement,5,102600004,False,max_steps,2613,val,0
TouchWAM 18000,26_canned_food_tray_line_arrangement,6,102600005,False,max_steps,2613,train,0
TouchWAM 18000,26_canned_food_tray_line_arrangement,7,102600006,True,stable_success,1934,train,0
TouchWAM 18000,26_canned_food_tray_line_arrangement,8,102600007,False,max_steps,2613,train,0
TouchWAM 18000,26_canned_food_tray_line_arrangement,9,102600008,True,stable_success,1773,train,0
TouchWAM 18000,26_canned_food_tray_line_arrangement,10,102600009,False,max_steps,2613,train,0
TouchWAM 18000,26_canned_food_tray_line_arrangement,11,102600010,False,max_steps,2613,train,0
TouchWAM 18000,26_canned_food_tray_line_arrangement,12,102600011,True,stable_success,1867,train,0
TouchWAM 18000,26_canned_food_tray_line_arrangement,13,102600012,False,max_steps,2613,train,0
TouchWAM 18000,26_canned_food_tray_line_arrangement,14,102600013,False,max_steps,2613,train,0
TouchWAM 18000,26_canned_food_tray_line_arrangement,15,102600014,False,max_steps,2613,train,0
TouchWAM 18000,26_canned_food_tray_line_arrangement,16,102600015,False,max_steps,2613,train,0
TouchWAM 18000,26_canned_food_tray_line_arrangement,17,102600016,True,stable_success,1939,train,0
TouchWAM 18000,26_canned_food_tray_line_arrangement,18,102600017,False,max_steps,2613,train,0
TouchWAM 18000,26_canned_food_tray_line_arrangement,19,102600018,True,stable_success,1739,train,0
TouchWAM 18000,26_canned_food_tray_line_arrangement,20,102600019,False,max_steps,2613,train,0
TouchWAM 18000,26_canned_food_tray_line_arrangement,21,102600020,True,stable_success,1819,train,0
TouchWAM 18000,26_canned_food_tray_line_arrangement,22,102600021,False,max_steps,2613,val,0
TouchWAM 18000,26_canned_food_tray_line_arrangement,23,102600022,True,stable_success,1833,train,0
TouchWAM 18000,26_canned_food_tray_line_arrangement,24,102600023,True,stable_success,1833,train,0
TouchWAM 18000,26_canned_food_tray_line_arrangement,25,102600024,True,stable_success,1742,train,0
TouchWAM 18000,26_canned_food_tray_line_arrangement,26,102600025,True,stable_success,1906,train,0
TouchWAM 18000,26_canned_food_tray_line_arrangement,27,102600026,True,stable_success,1849,train,0
TouchWAM 18000,26_canned_food_tray_line_arrangement,28,102600027,True,stable_success,1780,train,0
TouchWAM 18000,26_canned_food_tray_line_arrangement,29,102600028,True,stable_success,1762,train,0
TouchWAM 18000,26_canned_food_tray_line_arrangement,30,102600029,False,max_steps,2613,train,0
TouchWAM 18000,26_canned_food_tray_line_arrangement,31,102600030,False,max_steps,2613,train,0
TouchWAM 18000,26_canned_food_tray_line_arrangement,32,102600031,True,stable_success,1829,val,0
TouchWAM 18000,26_canned_food_tray_line_arrangement,33,102600032,True,stable_success,1821,train,0
TouchWAM 18000,26_canned_food_tray_line_arrangement,34,102600033,False,max_steps,2613,train,0
TouchWAM 18000,26_canned_food_tray_line_arrangement,35,102600034,True,stable_success,1891,train,0
TouchWAM 18000,26_canned_food_tray_line_arrangement,36,102600035,False,max_steps,2613,train,0
TouchWAM 18000,26_canned_food_tray_line_arrangement,37,102600036,True,stable_success,2046,val,0
TouchWAM 18000,26_canned_food_tray_line_arrangement,38,102600037,True,stable_success,1828,train,0
TouchWAM 18000,26_canned_food_tray_line_arrangement,39,102600038,True,stable_success,1886,train,0
TouchWAM 18000,26_canned_food_tray_line_arrangement,40,102600039,False,max_steps,2613,train,0
TouchWAM 18000,26_canned_food_tray_line_arrangement,41,102600040,True,stable_success,1742,train,0
TouchWAM 18000,26_canned_food_tray_line_arrangement,42,102600041,False,max_steps,2613,train,0
TouchWAM 18000,26_canned_food_tray_line_arrangement,43,102600042,True,stable_success,1773,train,0
TouchWAM 18000,26_canned_food_tray_line_arrangement,44,102600043,False,max_steps,2613,train,0
TouchWAM 18000,26_canned_food_tray_line_arrangement,45,102600044,False,max_steps,2613,train,0
TouchWAM 18000,26_canned_food_tray_line_arrangement,46,102600045,False,max_steps,2613,train,0
TouchWAM 18000,26_canned_food_tray_line_arrangement,47,102600046,False,max_steps,2613,train,0
TouchWAM 18000,26_canned_food_tray_line_arrangement,48,102600047,False,max_steps,2613,train,0
TouchWAM 18000,26_canned_food_tray_line_arrangement,49,102600048,False,max_steps,2613,train,0
TouchWAM 18000,26_canned_food_tray_line_arrangement,50,102600049,False,max_steps,2613,val,0
TouchWAM 18000,32_baking_tray_prep_with_tools,1,103200000,False,max_steps,2556,train,0
TouchWAM 18000,32_baking_tray_prep_with_tools,2,103200001,True,stable_success,1830,val,0
TouchWAM 18000,32_baking_tray_prep_with_tools,3,103200002,False,max_steps,2556,train,0
TouchWAM 18000,32_baking_tray_prep_with_tools,4,103200003,True,stable_success,2001,train,0
TouchWAM 18000,32_baking_tray_prep_with_tools,5,103200004,False,max_steps,2556,not_used_for_training,0
TouchWAM 18000,32_baking_tray_prep_with_tools,6,103200005,True,stable_success,1845,not_used_for_training,0
TouchWAM 18000,32_baking_tray_prep_with_tools,7,103200006,True,stable_success,1819,not_used_for_training,0
TouchWAM 18000,32_baking_tray_prep_with_tools,8,103200007,True,stable_success,1908,train,0
TouchWAM 18000,32_baking_tray_prep_with_tools,9,103200008,False,max_steps,2556,not_used_for_training,0
TouchWAM 18000,32_baking_tray_prep_with_tools,10,103200009,False,max_steps,2556,not_used_for_training,0
TouchWAM 18000,32_baking_tray_prep_with_tools,11,103200010,True,stable_success,1720,not_used_for_training,0
TouchWAM 18000,32_baking_tray_prep_with_tools,12,103200011,False,max_steps,2556,not_used_for_training,0
TouchWAM 18000,32_baking_tray_prep_with_tools,13,103200012,False,max_steps,2556,not_used_for_training,0
TouchWAM 18000,32_baking_tray_prep_with_tools,14,103200013,False,max_steps,2556,not_used_for_training,0
TouchWAM 18000,32_baking_tray_prep_with_tools,15,103200014,True,stable_success,1832,not_used_for_training,0
TouchWAM 18000,32_baking_tray_prep_with_tools,16,103200015,False,max_steps,2556,not_used_for_training,0
TouchWAM 18000,32_baking_tray_prep_with_tools,17,103200016,True,stable_success,1940,train,0
TouchWAM 18000,32_baking_tray_prep_with_tools,18,103200017,False,max_steps,2556,not_used_for_training,0
TouchWAM 18000,32_baking_tray_prep_with_tools,19,103200018,False,max_steps,2556,train,0
TouchWAM 18000,32_baking_tray_prep_with_tools,20,103200019,True,stable_success,1707,not_used_for_training,0
TouchWAM 18000,32_baking_tray_prep_with_tools,21,103200020,False,max_steps,2556,train,0
TouchWAM 18000,32_baking_tray_prep_with_tools,22,103200021,True,stable_success,1878,train,0
TouchWAM 18000,32_baking_tray_prep_with_tools,23,103200022,True,stable_success,1763,not_used_for_training,0
TouchWAM 18000,32_baking_tray_prep_with_tools,24,103200023,False,max_steps,2556,not_used_for_training,0
TouchWAM 18000,32_baking_tray_prep_with_tools,25,103200024,True,stable_success,1765,train,0
TouchWAM 18000,32_baking_tray_prep_with_tools,26,103200025,True,stable_success,1883,not_used_for_training,0
TouchWAM 18000,32_baking_tray_prep_with_tools,27,103200026,False,max_steps,2556,not_used_for_training,0
TouchWAM 18000,32_baking_tray_prep_with_tools,28,103200027,False,max_steps,2556,not_used_for_training,0
TouchWAM 18000,32_baking_tray_prep_with_tools,29,103200028,False,max_steps,2556,not_used_for_training,0
TouchWAM 18000,32_baking_tray_prep_with_tools,30,103200029,True,stable_success,1742,train,0
TouchWAM 18000,32_baking_tray_prep_with_tools,31,103200030,False,max_steps,2556,not_used_for_training,0
TouchWAM 18000,32_baking_tray_prep_with_tools,32,103200031,True,stable_success,1769,not_used_for_training,0
TouchWAM 18000,32_baking_tray_prep_with_tools,33,103200032,False,max_steps,2556,not_used_for_training,0
TouchWAM 18000,32_baking_tray_prep_with_tools,34,103200033,True,stable_success,1926,not_used_for_training,0
TouchWAM 18000,32_baking_tray_prep_with_tools,35,103200034,True,stable_success,1783,not_used_for_training,0
TouchWAM 18000,32_baking_tray_prep_with_tools,36,103200035,False,max_steps,2556,train,0
TouchWAM 18000,32_baking_tray_prep_with_tools,37,103200036,True,stable_success,1751,not_used_for_training,0
TouchWAM 18000,32_baking_tray_prep_with_tools,38,103200037,True,stable_success,1775,not_used_for_training,0
TouchWAM 18000,32_baking_tray_prep_with_tools,39,103200038,False,max_steps,2556,not_used_for_training,0
TouchWAM 18000,32_baking_tray_prep_with_tools,40,103200039,False,max_steps,2556,not_used_for_training,0
TouchWAM 18000,32_baking_tray_prep_with_tools,41,103200040,True,stable_success,1840,val,0
TouchWAM 18000,32_baking_tray_prep_with_tools,42,103200041,False,max_steps,2556,not_used_for_training,0
TouchWAM 18000,32_baking_tray_prep_with_tools,43,103200042,False,max_steps,2556,not_used_for_training,0
TouchWAM 18000,32_baking_tray_prep_with_tools,44,103200043,True,stable_success,1696,train,0
TouchWAM 18000,32_baking_tray_prep_with_tools,45,103200044,False,max_steps,2556,train,0
TouchWAM 18000,32_baking_tray_prep_with_tools,46,103200045,True,stable_success,1845,not_used_for_training,0
TouchWAM 18000,32_baking_tray_prep_with_tools,47,103200046,False,max_steps,2556,train,0
TouchWAM 18000,32_baking_tray_prep_with_tools,48,103200047,False,max_steps,2556,not_used_for_training,0
TouchWAM 18000,32_baking_tray_prep_with_tools,49,103200048,False,max_steps,2556,not_used_for_training,0
TouchWAM 18000,32_baking_tray_prep_with_tools,50,103200049,True,stable_success,1871,not_used_for_training,0
TouchWAM 18000,73_jigsaw_puzzle_assembly,1,107300000,False,max_steps,3639,train,0
TouchWAM 18000,73_jigsaw_puzzle_assembly,2,107300001,False,max_steps,3639,train,0
TouchWAM 18000,73_jigsaw_puzzle_assembly,3,107300002,False,max_steps,3639,train,0
TouchWAM 18000,73_jigsaw_puzzle_assembly,4,107300003,False,max_steps,3639,val,0
TouchWAM 18000,73_jigsaw_puzzle_assembly,5,107300004,False,max_steps,3639,not_used_for_training,0
TouchWAM 18000,73_jigsaw_puzzle_assembly,6,107300005,False,max_steps,3639,train,0
TouchWAM 18000,73_jigsaw_puzzle_assembly,7,107300006,False,max_steps,3639,train,0
TouchWAM 18000,73_jigsaw_puzzle_assembly,8,107300007,False,max_steps,3639,train,0
TouchWAM 18000,73_jigsaw_puzzle_assembly,9,107300008,False,max_steps,3639,train,0
TouchWAM 18000,73_jigsaw_puzzle_assembly,10,107300009,False,max_steps,3639,train,0
TouchWAM 18000,73_jigsaw_puzzle_assembly,11,107300010,False,max_steps,3639,train,0
TouchWAM 18000,73_jigsaw_puzzle_assembly,12,107300011,False,max_steps,3639,train,0
TouchWAM 18000,73_jigsaw_puzzle_assembly,13,107300012,True,stable_success,2754,train,0
TouchWAM 18000,73_jigsaw_puzzle_assembly,14,107300013,False,max_steps,3639,not_used_for_training,0
TouchWAM 18000,73_jigsaw_puzzle_assembly,15,107300014,False,max_steps,3639,not_used_for_training,0
TouchWAM 18000,73_jigsaw_puzzle_assembly,16,107300015,False,max_steps,3639,train,0
TouchWAM 18000,73_jigsaw_puzzle_assembly,17,107300016,False,max_steps,3639,train,0
TouchWAM 18000,73_jigsaw_puzzle_assembly,18,107300017,False,max_steps,3639,not_used_for_training,0
TouchWAM 18000,73_jigsaw_puzzle_assembly,19,107300018,False,max_steps,3639,train,0
TouchWAM 18000,73_jigsaw_puzzle_assembly,20,107300019,False,max_steps,3639,train,0
TouchWAM 18000,73_jigsaw_puzzle_assembly,21,107300020,False,max_steps,3639,train,0
TouchWAM 18000,73_jigsaw_puzzle_assembly,22,107300021,False,max_steps,3639,train,0
TouchWAM 18000,73_jigsaw_puzzle_assembly,23,107300022,False,max_steps,3639,val,0
TouchWAM 18000,73_jigsaw_puzzle_assembly,24,107300023,False,max_steps,3639,train,0
TouchWAM 18000,73_jigsaw_puzzle_assembly,25,107300024,False,max_steps,3639,not_used_for_training,0
TouchWAM 18000,73_jigsaw_puzzle_assembly,26,107300025,False,max_steps,3639,train,0
TouchWAM 18000,73_jigsaw_puzzle_assembly,27,107300026,False,max_steps,3639,not_used_for_training,0
TouchWAM 18000,73_jigsaw_puzzle_assembly,28,107300027,False,max_steps,3639,not_used_for_training,0
TouchWAM 18000,73_jigsaw_puzzle_assembly,29,107300028,False,max_steps,3639,train,0
TouchWAM 18000,73_jigsaw_puzzle_assembly,30,107300029,False,max_steps,3639,not_used_for_training,0
TouchWAM 18000,73_jigsaw_puzzle_assembly,31,107300030,False,max_steps,3639,train,0
TouchWAM 18000,73_jigsaw_puzzle_assembly,32,107300031,False,max_steps,3639,train,0
TouchWAM 18000,73_jigsaw_puzzle_assembly,33,107300032,False,max_steps,3639,train,0
TouchWAM 18000,73_jigsaw_puzzle_assembly,34,107300033,False,max_steps,3639,train,0
TouchWAM 18000,73_jigsaw_puzzle_assembly,35,107300034,False,max_steps,3639,val,0
TouchWAM 18000,73_jigsaw_puzzle_assembly,36,107300035,False,max_steps,3639,train,0
TouchWAM 18000,73_jigsaw_puzzle_assembly,37,107300036,False,max_steps,3639,train,0
TouchWAM 18000,73_jigsaw_puzzle_assembly,38,107300037,False,max_steps,3639,train,0
TouchWAM 18000,73_jigsaw_puzzle_assembly,39,107300038,False,max_steps,3639,val,0
TouchWAM 18000,73_jigsaw_puzzle_assembly,40,107300039,False,max_steps,3639,train,0
TouchWAM 18000,73_jigsaw_puzzle_assembly,41,107300040,False,max_steps,3639,train,0
TouchWAM 18000,73_jigsaw_puzzle_assembly,42,107300041,False,max_steps,3639,train,0
TouchWAM 18000,73_jigsaw_puzzle_assembly,43,107300042,True,stable_success,2806,train,0
TouchWAM 18000,73_jigsaw_puzzle_assembly,44,107300043,True,stable_success,2326,train,0
TouchWAM 18000,73_jigsaw_puzzle_assembly,45,107300044,False,max_steps,3639,train,0
TouchWAM 18000,73_jigsaw_puzzle_assembly,46,107300045,False,max_steps,3639,train,0
TouchWAM 18000,73_jigsaw_puzzle_assembly,47,107300046,True,stable_success,2375,train,0
TouchWAM 18000,73_jigsaw_puzzle_assembly,48,107300047,True,stable_success,2952,train,0
TouchWAM 18000,73_jigsaw_puzzle_assembly,49,107300048,False,max_steps,3639,train,0
TouchWAM 18000,73_jigsaw_puzzle_assembly,50,107300049,False,max_steps,3639,train,0
